Week,Michael Jackson: (Worldwide),Justin Bieber: (Worldwide)
2011-09-24,25,39
2011-10-01,19,47
2011-10-08,23,49
2011-10-15,15,50
2011-10-22,15,45
2011-10-29,16,79
2011-11-05,23,68
2011-11-12,15,53
2011-11-19,14,53
2011-11-26,15,47
2011-12-03,14,52
2011-12-10,14,47
2011-12-17,14,53
2011-12-24,14,52
2011-12-31,13,43
2012-01-07,12,37
2012-01-14,12,38
2012-01-21,13,34
2012-01-28,13,32
2012-02-04,13,30
2012-02-11,17,32
2012-02-18,13,31
2012-02-25,12,42
2012-03-03,11,34
2012-03-10,10,28
2012-03-17,10,29
2012-03-24,10,41
2012-03-31,10,39
2012-04-07,10,33
2012-04-14,9,39
2012-04-21,9,49
2012-04-28,10,40
2012-05-05,10,38
2012-05-12,10,35
2012-05-19,10,41
2012-05-26,10,46
2012-06-02,10,42
2012-06-09,10,44
2012-06-16,11,49
2012-06-23,22,41
2012-06-30,11,42
2012-07-07,10,40
2012-07-14,10,37
2012-07-21,13,37
2012-07-28,10,40
2012-08-04,10,37
2012-08-11,10,35
2012-08-18,10,34
2012-08-25,14,32
2012-09-01,11,31
2012-09-08,10,31
2012-09-15,10,30
2012-09-22,9,30
2012-09-29,9,42
2012-10-06,9,41
2012-10-13,10,37
2012-10-20,10,36
2012-10-27,10,35
2012-11-03,9,35
2012-11-10,9,44
2012-11-17,10,42
2012-11-24,9,38
2012-12-01,9,35
2012-12-08,9,42
2012-12-15,9,36
2012-12-22,11,43
2012-12-29,10,47
2013-01-05,8,61
2013-01-12,8,35
2013-01-19,9,37
2013-01-26,9,39
2013-02-02,9,37
2013-02-09,9,37
2013-02-16,10,32
2013-02-23,9,40
2013-03-02,9,43
2013-03-09,8,40
2013-03-16,8,34
2013-03-23,9,38
2013-03-30,9,37
2013-04-06,9,35
2013-04-13,9,40
2013-04-20,9,43
2013-04-27,10,41
2013-05-04,10,38
2013-05-11,9,31
2013-05-18,9,37
2013-05-25,9,32
2013-06-01,13,33
2013-06-08,11,32
2013-06-15,10,32
2013-06-22,18,36
2013-06-29,12,33
2013-07-06,10,36
2013-07-13,10,36
2013-07-20,10,32
2013-07-27,9,38
2013-08-03,9,34
2013-08-10,10,35
2013-08-17,9,29
2013-08-24,14,29
2013-08-31,9,27
2013-09-07,9,26
2013-09-14,9,31
2013-09-21,9,26
2013-09-28,10,25
2013-10-05,9,30
2013-10-12,9,28
2013-10-19,10,29
2013-10-26,11,31
2013-11-02,9,49
2013-11-09,8,45
2013-11-16,8,34
2013-11-23,9,30
2013-11-30,9,33
2013-12-07,8,34
2013-12-14,8,46
2013-12-21,10,55
2013-12-28,14,39
2014-01-04,9,31
2014-01-11,8,36
2014-01-18,8,100
2014-01-25,8,67
2014-02-01,8,53
2014-02-08,8,44
2014-02-15,8,33
2014-02-22,8,33
2014-03-01,9,32
2014-03-08,9,36
2014-03-15,8,26
2014-03-22,8,25
2014-03-29,10,25
2014-04-05,9,26
2014-04-12,15,25
2014-04-19,13,25
2014-04-26,12,25
2014-05-03,13,24
2014-05-10,16,23
2014-05-17,27,22
2014-05-24,15,23
2014-05-31,13,27
2014-06-07,12,20
2014-06-14,11,20
2014-06-21,20,19
2014-06-28,12,20
2014-07-05,11,21
2014-07-12,11,19
2014-07-19,11,19
2014-07-26,10,34
2014-08-02,11,24
2014-08-09,12,19
2014-08-16,10,19
2014-08-23,13,17
2014-08-30,9,17
2014-09-06,9,18
2014-09-13,9,15
2014-09-20,9,14
2014-09-27,8,15
2014-10-04,8,14
2014-10-11,8,14
2014-10-18,9,14
2014-10-25,10,13
2014-11-01,9,14
2014-11-08,9,15
2014-11-15,9,14
2014-11-22,8,15
2014-11-29,8,16
2014-12-06,8,19
2014-12-13,8,17
2014-12-20,9,18
2014-12-27,10,18
2015-01-03,8,24
2015-01-10,8,20
2015-01-17,8,19
2015-01-24,8,17
2015-01-31,8,15
2015-02-07,9,13
2015-02-14,8,15
2015-02-21,8,15
2015-02-28,8,18
2015-03-07,8,15
2015-03-14,8,22
2015-03-21,8,17
2015-03-28,8,39
2015-04-04,8,23
2015-04-11,8,18
2015-04-18,8,16
2015-04-25,8,15
2015-05-02,8,17
2015-05-09,8,14
2015-05-16,8,15
2015-05-23,8,15
2015-05-30,9,14
2015-06-06,8,13
2015-06-13,8,13
2015-06-20,15,13
2015-06-27,10,15
2015-07-04,8,19
2015-07-11,8,17
2015-07-18,8,15
2015-07-25,9,14
2015-08-01,8,14
2015-08-08,8,13
2015-08-15,8,14
2015-08-22,10,20
2015-08-29,9,35
2015-09-05,8,22
2015-09-12,7,20
2015-09-19,8,18
2015-09-26,8,18
2015-10-03,8,58
2015-10-10,8,33
2015-10-17,9,30
2015-10-24,10,37
2015-10-31,8,32
2015-11-07,8,46
2015-11-14,8,50
2015-11-21,8,51
2015-11-28,8,38
2015-12-05,8,45
2015-12-12,8,53
2015-12-19,9,48
2015-12-26,9,45
2016-01-02,8,45
2016-01-09,9,36
2016-01-16,8,36
2016-01-23,9,35
2016-01-30,9,32
2016-02-06,10,31
2016-02-13,9,36
2016-02-20,9,31
2016-02-27,8,35
2016-03-05,8,30
2016-03-12,8,29
2016-03-19,8,32
2016-03-26,8,29
2016-04-02,8,29
2016-04-09,8,26
2016-04-16,15,26
2016-04-23,11,25
2016-04-30,9,25
2016-05-07,8,29
2016-05-14,8,23
2016-05-21,8,23
2016-05-28,8,22
2016-06-04,8,29
2016-06-11,7,23
2016-06-18,16,22
2016-06-25,11,20
2016-07-02,8,21
2016-07-09,7,19
2016-07-16,8,22
2016-07-23,8,21
2016-07-30,7,28
2016-08-06,7,32
2016-08-13,7,39
2016-08-20,7,25
2016-08-27,10,26
2016-09-03,9,22
2016-09-10,8,22
